Run,TAG,ID
1903_1,TAAGGCGA,1
1903_1,CGTACTAG,2
1903_1,TCCTGAGC,16
1903_2,AGGCAGAA,15
1903_2,TCCTGAGC,18
1903_2,GGACTCCT,19
1901_5,TGACCA,3
1901_5,GCCAAT,4
1901_5,CTTGTA,5
1901_5,CAGATC,6
1901_5,CGATGT,21
1901_5,ACAGTG,22
1901_6,CGATGT,37
1901_6,ACAGTG,38
1901_6,TGACCA,39
1901_6,CTTGTA,40
1901_6,GCCAAT,42
1901_6,CAGATC,44
1901_7,TGACCA,41
1901_7,ACAGTG,43
1901_7,CGATGT,45
1901_7,GCCAAT,46
1901_7,CAGATC,47
1901_7,CTTGTA,48
1916_1,,45
1916_1,,46
1916_1,,47
1916_1,,48
1916_2,,49
1916_2,,50
1916_2,,51
1916_2,,52
1916_2,,53
1917_3,,57
1917_3,,58
1917_3,,59
1917_3,,60
1917_8,,61
1917_8,,62
1917_8,,63
1917_8,,64
1917_4,,65
1917_4,,66
1917_4,,67
1917_4,,68
1917_5,,69
1917_5,,70
1917_5,,71